PARA;MAE;MSE;RMSE
8;10.237350119675378;390.23328986783105;19.754323320929803
