PARA;MAE;MSE;RMSE
19;12.21;668.2;25.85
19;12.21;668.2;25.85
19;12.21;668.2;25.85
19;12.21;668.2;25.85
19;12.21;668.2;25.85
19;12.21;668.2;25.85
19;12.21;668.2;25.85
19;12.21;668.2;25.85
19;12.21;668.2;25.85
19;12.21;668.2;25.85
19;12.21;668.2;25.85
19;12.21;668.2;25.85
19;12.21;668.2;25.85
19;12.21;668.2;25.85
19;12.21;668.2;25.85
19;12.21;668.2;25.85
19;12.21;668.2;25.85
19;12.21;668.2;25.85
19;12.21;668.2;25.85
19;12.21;668.2;25.85
19;12.210000000000003;668.2000000000002;25.850000000000005
